{"train/loss": 0.1174, "train/grad_norm": 0.30174803733825684, "train/learning_rate": 2.4e-05, "train/epoch": 3.0, "train/global_step": 246, "_timestamp": 1719751952.7500818, "_runtime": 515.6229367256165, "_step": 26, "train_runtime": 397.3353, "train_samples_per_second": 19.721, "train_steps_per_second": 0.619, "total_flos": 2061793764347904.0, "train_loss": 0.7172756786268901, "eval/loss": 0.09831658750772476, "eval/runtime": 9.9862, "eval/samples_per_second": 64.389, "eval/steps_per_second": 0.601, "eval_loss": 0.09831658750772476, "eval_runtime": 9.9862, "eval_samples_per_second": 64.389, "eval_steps_per_second": 0.601, "epoch": 3.0}